{"cameraMode":{"drawMode":0,"name":"Shaded","section":"Shading Mode"},"sceneLighting":true,"audioPlay":false,"sceneViewState":{"showFog":true,"showMaterialUpdate":false,"showSkybox":true,"showFlares":true,"showImageEffects":true,"showParticleSystems":true},"in2DMode":false,"pivot":{"x":59.16286849975586,"y":8.840408325195313,"z":72.33079528808594},"rotation":{"x":-0.0026836167089641096,"y":0.0704340785741806,"z":0.00019004393834620714,"w":0.997539222240448},"size":23.955474853515626,"orthographic":false}