{"cameraMode":{"drawMode":0,"name":"Shaded","section":"Shading Mode"},"sceneLighting":false,"audioPlay":false,"sceneViewState":{"showFog":true,"showMaterialUpdate":false,"showSkybox":false,"showFlares":true,"showImageEffects":true,"showParticleSystems":true},"in2DMode":false,"pivot":{"x":0.044704705476760867,"y":-0.046570539474487308,"z":0.0736062303185463},"rotation":{"x":0.2659580111503601,"y":-0.6594125032424927,"z":0.2701420783996582,"w":0.6492199897766113},"size":44.58961868286133,"orthographic":false}